,Origin,Lat,Long,Max Temp (F),Humidity %,Cloudiness %,Wind Speed (mph),Date
0,port elizabeth,-33.92,25.57,66.2,93,0,4.7,1587238823
1,arraial do cabo,-22.97,-42.03,77.0,78,20,9.17,1587238710
2,nikolskoye,59.7,30.79,37.4,91,90,11.18,1587238823
3,hvide sande,56.0,8.13,48.0,45,0,1.01,1587238823
4,barrow,71.29,-156.79,-2.2,77,1,10.29,1587238802
5,cape town,-33.93,18.42,66.99,72,83,3.36,1587238817
6,mantua,45.17,10.78,64.0,59,92,1.01,1587238823
7,grootfontein,-19.57,18.12,68.16,39,45,3.85,1587238824
8,georgetown,5.41,100.34,82.4,88,40,3.36,1587238824
9,busselton,-33.65,115.33,62.01,77,100,24.32,1587238824
10,port lincoln,-34.73,135.87,58.28,73,48,8.84,1587238824
11,punta arenas,-53.15,-70.92,55.4,43,75,17.22,1587238824
12,avila,40.58,-5.0,55.4,76,100,5.82,1587238824
13,mataura,-46.19,168.86,43.0,92,94,7.0,1587238567
14,ponta do sol,32.67,-17.1,62.01,58,24,8.01,1587238576
15,kaz,52.91,87.31,38.16,66,0,5.14,1587238825
16,hermanus,-34.42,19.23,69.01,45,69,4.81,1587238825
17,hithadhoo,-0.6,73.08,83.75,75,98,11.48,1587238825
18,ushuaia,-54.8,-68.3,50.0,64,75,18.34,1587238745
19,albany,42.6,-73.97,44.01,66,63,5.99,1587238638
20,ribeira grande,38.52,-28.7,64.4,88,75,14.99,1587238826
21,clairmont,55.27,-118.79,41.0,56,20,3.36,1587238826
22,taksimo,56.34,114.88,13.26,81,91,6.04,1587238826
23,biarritz,43.48,-1.56,61.0,93,100,3.36,1587238800
24,luderitz,-26.65,15.16,60.8,87,8,6.93,1587238826
25,denia,38.84,0.11,61.0,94,100,1.99,1587238826
26,yellowknife,62.46,-114.35,24.01,79,90,11.41,1587238826
27,dawson creek,55.77,-120.24,44.6,42,1,2.24,1587238709
28,qaanaaq,77.48,-69.36,20.39,86,100,9.71,1587238821
29,magistralnyy,56.17,107.45,19.63,89,49,12.17,1587238827
30,bethel,41.37,-73.41,42.01,75,90,10.29,1587238827
31,rikitea,-23.12,-134.97,77.11,70,26,6.31,1587238827
32,dikson,73.51,80.55,35.44,90,100,18.92,1587238826
33,kruisfontein,-34.0,24.73,65.19,43,0,6.08,1587238676
34,kahului,20.89,-156.47,77.0,50,20,3.36,1587238828
35,bredasdorp,-34.53,20.04,57.2,87,42,1.12,1587238828
36,angul,20.85,85.1,76.71,82,0,2.24,1587238828
37,butaritari,3.07,172.79,83.21,77,76,15.82,1587238828
38,bathsheba,13.22,-59.52,86.0,58,40,20.8,1587238632
39,bluff,-46.6,168.33,43.0,91,100,7.0,1587238828
40,lebu,-37.62,-73.65,61.43,73,51,6.55,1587238581
41,hirara,24.8,125.28,74.01,87,100,16.6,1587238631
42,imeni poliny osipenko,52.42,136.49,27.23,86,100,8.75,1587238829
43,saskylakh,71.92,114.08,8.49,79,0,5.37,1587238829
44,badarganj,25.67,89.05,73.49,75,21,5.3,1587238829
45,kapaa,22.08,-159.32,78.8,65,1,11.41,1587238829
46,jasper,37.2,-94.35,64.0,31,1,6.93,1587238830
47,meadow lake,34.8,-106.54,68.0,18,75,6.93,1587238830
48,vardo,70.37,31.11,36.07,83,97,20.33,1587238830
49,east london,-33.02,27.91,71.13,65,0,17.9,1587238830
50,tapiramuta,-11.85,-40.79,69.33,78,78,3.15,1587238830
51,padang,-0.95,100.35,78.28,77,95,1.59,1587238599
52,jamestown,42.1,-79.24,44.01,48,75,13.87,1587238824
53,morgan city,29.7,-91.21,73.4,88,90,9.17,1587238831
54,tomatlan,19.93,-105.25,88.12,41,66,12.37,1587238831
55,umm kaddadah,13.6,26.69,80.58,14,91,11.83,1587238831
56,dekar,-21.53,21.93,73.92,31,14,7.85,1587238831
57,beringovskiy,63.05,179.32,19.63,96,100,16.02,1587238831
58,daru,-9.08,143.21,79.34,86,30,7.56,1587238615
59,cidreira,-30.18,-50.21,68.59,78,0,11.72,1587238747
60,kalmunai,7.42,81.82,81.66,79,65,5.41,1587238832
61,saint george,37.1,-113.58,69.01,34,1,14.88,1587238679
62,zvishavane,-20.33,30.07,63.64,68,18,6.73,1587238832
63,pangnirtung,66.15,-65.71,5.0,77,20,6.93,1587238832
64,were ilu,10.6,39.43,55.22,42,100,1.36,1587238832
65,bengkulu,-3.8,102.27,77.14,84,100,4.85,1587238832
66,airai,-8.93,125.41,59.76,56,44,2.86,1587238642
67,belize,17.25,-88.75,98.6,39,20,6.93,1587238833
68,puerto ayora,-0.74,-90.35,86.0,70,75,13.87,1587238833
69,obzor,42.82,27.88,55.4,62,16,6.93,1587238833
70,hope mills,34.97,-78.95,71.6,37,1,19.46,1587238833
71,chicama,-7.84,-79.15,71.6,78,40,13.87,1587238600
72,bara,10.37,10.73,87.4,11,88,2.35,1587238833
73,lincoln,40.8,-96.67,69.8,30,1,21.92,1587238786
74,tasiilaq,65.61,-37.64,32.0,95,100,17.22,1587238826
75,pechory,57.82,27.61,37.4,86,100,4.47,1587238834
76,esperance,-33.87,121.9,59.0,100,75,12.75,1587238834
77,nome,64.5,-165.41,34.0,100,90,9.17,1587238572
78,taoudenni,22.68,-3.98,81.43,43,14,24.67,1587238834
79,sitka,57.05,-135.33,44.6,87,40,4.0,1587238567
80,huambo,-12.78,15.74,60.03,58,100,3.27,1587238835
81,pahrump,36.21,-115.98,71.01,45,79,4.0,1587238835
82,inhambane,-23.86,35.38,77.0,69,20,6.93,1587238835
83,haukipudas,65.18,25.35,37.4,74,90,12.75,1587238835
84,kanye,-24.97,25.33,65.66,32,40,3.24,1587238835
85,kokopo,-4.35,152.26,79.34,78,86,3.0,1587238835
86,tuktoyaktuk,69.45,-133.04,8.6,78,40,3.36,1587238835
87,seoul,37.57,126.98,53.6,81,20,4.43,1587238807
88,ilulissat,69.22,-51.1,23.83,95,100,4.43,1587238836
89,upernavik,72.79,-56.15,24.46,90,100,23.78,1587238818
90,muros,42.78,-9.06,62.01,83,24,3.0,1587238836
91,axim,4.87,-2.24,82.0,82,14,9.44,1587238836
92,hilo,19.73,-155.09,80.6,44,1,3.36,1587238815
93,sorland,67.67,12.69,40.46,93,100,8.08,1587238836
94,san patricio,19.22,-104.7,82.4,78,20,11.41,1587238823
95,santa ana,33.75,-117.87,66.2,52,75,5.82,1587238837
96,port hardy,50.7,-127.42,48.2,87,40,6.93,1587238837
97,severo-kurilsk,50.68,156.12,34.54,88,9,11.7,1587238828
98,rawlins,41.79,-107.24,51.8,27,20,19.46,1587238837
99,amboasary,-25.03,46.38,68.27,85,83,4.32,1587238837
100,yining,29.04,114.56,61.56,89,100,3.76,1587238837
101,pishin,30.58,67.0,57.65,33,68,2.15,1587238838
102,te anau,-45.42,167.72,46.09,73,100,6.96,1587238602
103,ugoofaaru,5.67,73.0,85.91,73,3,10.31,1587238838
104,jacmel,18.23,-72.53,87.8,58,40,12.75,1587238838
105,atuona,-9.8,-139.03,82.47,79,89,18.37,1587238812
106,sumenep,-7.02,113.87,80.19,79,63,2.8,1587238839
107,buchanan,5.88,-10.05,82.4,83,75,8.37,1587238839
108,diffa,13.32,12.61,80.56,13,32,3.06,1587238839
109,tura,25.52,90.22,66.18,77,0,2.15,1587238839
110,port alfred,-33.59,26.89,66.0,95,0,4.0,1587238839
111,bayburt,40.26,40.23,44.65,42,54,2.39,1587238839
112,sarandi,-23.44,-51.87,67.93,57,4,4.52,1587238839
113,westerly,41.38,-71.83,42.8,70,90,13.87,1587238730
114,salalah,17.02,54.09,82.4,74,40,6.93,1587238840
115,mahebourg,-20.41,57.7,79.0,74,40,12.75,1587238840
116,karratha,-20.74,116.85,82.06,60,100,8.84,1587238840
117,galveston,29.37,-94.97,72.0,88,90,12.75,1587238640
118,hervey bay,-25.3,152.85,73.99,100,75,4.7,1587238840
119,gavle,60.67,17.14,42.01,54,30,3.0,1587238841
120,hasaki,35.73,140.83,52.0,87,75,4.7,1587238841
121,chernyshevskiy,63.01,112.47,5.31,91,56,4.92,1587238841
122,rafsanjan,30.41,55.99,62.69,33,25,2.66,1587238841
123,broken hill,-31.95,141.43,50.0,57,40,4.7,1587238841
124,launceston,-41.45,147.17,39.99,80,65,3.36,1587238841
125,arrecife,28.96,-13.55,66.2,68,20,16.11,1587238841
126,anadyr,64.75,177.48,14.0,92,90,17.9,1587238672
127,greystones,53.14,-6.06,46.0,92,98,7.9,1587238842
128,saint-pierre,-21.34,55.48,77.0,83,40,11.41,1587238842
129,kharp,66.8,65.81,32.07,94,100,3.85,1587238842
130,okato,-39.2,173.88,57.99,82,55,17.16,1587238842
131,laguna,38.42,-121.42,64.99,55,90,9.17,1587238806
132,cherskiy,68.75,161.3,2.01,87,42,6.58,1587238842
133,vaini,-21.2,-175.2,77.0,83,40,10.29,1587238842
134,ewa beach,21.32,-158.01,77.0,57,40,8.05,1587238619
135,honiara,-9.43,159.95,73.4,100,40,2.24,1587238843
136,fare,-16.7,-151.02,83.89,73,4,10.98,1587238843
137,shingu,33.73,135.98,52.21,68,14,12.33,1587238843
138,praia da vitoria,38.73,-27.07,64.4,82,75,17.94,1587238835
139,iqaluit,63.75,-68.51,6.8,65,20,2.24,1587238843
140,bahawalpur,29.4,71.68,77.14,41,62,8.46,1587238844
141,marawi,8.0,124.29,67.57,69,68,2.84,1587238844
142,berlevag,70.86,29.09,36.45,82,99,15.61,1587238844
143,touros,-5.2,-35.46,86.0,70,40,10.29,1587238844
144,neyshabur,36.21,58.8,54.9,36,25,5.44,1587238844
145,ada,43.42,-116.13,64.0,18,1,6.93,1587238845
146,atar,20.52,-13.05,74.98,19,0,8.32,1587238840
147,conakry,9.54,-13.68,80.71,65,5,9.17,1587238845
148,yeppoon,-23.13,150.73,73.4,83,90,4.7,1587238845
149,abu samrah,35.3,37.18,65.62,51,1,3.89,1587238845
150,ergani,38.27,39.76,60.8,55,40,4.7,1587238846
151,masuda,34.67,131.85,55.4,71,20,7.27,1587238846
152,lufilufi,-13.87,-171.6,84.06,78,69,17.22,1587238846
153,qaqortoq,60.72,-46.03,32.0,93,75,3.36,1587238623
154,yulara,-25.24,130.99,66.2,45,28,6.93,1587238846
155,ilheus,-14.79,-39.05,76.86,86,80,9.15,1587238846
156,puri,19.8,85.85,75.2,78,75,14.7,1587238846
157,celestun,20.87,-90.4,87.04,57,49,14.5,1587238847
158,menongue,-14.66,17.69,63.7,60,92,4.14,1587238847
159,hofn,64.25,-15.21,45.36,87,100,17.56,1587238814
160,avarua,-21.21,-159.78,80.6,74,52,5.82,1587238819
161,bindura,-17.3,31.33,62.47,57,8,3.11,1587238847
162,chadan,51.28,91.58,35.78,47,0,2.3,1587238847
163,coquimbo,-29.95,-71.34,64.4,72,40,10.29,1587238847
164,norman wells,65.28,-126.83,39.2,93,90,11.41,1587238848
165,kaitangata,-46.28,169.85,48.99,89,98,6.91,1587238814
166,uige,-7.61,15.06,66.42,73,100,0.16,1587238848
167,severodvinsk,64.56,39.83,35.6,80,40,4.47,1587238826
168,ancud,-41.87,-73.82,59.0,82,75,17.22,1587238848
169,khatanga,71.97,102.5,9.54,93,0,5.06,1587238848
170,kodiak,57.79,-152.41,46.4,75,1,8.05,1587238849
171,ola,59.58,151.28,8.49,85,100,13.53,1587238827
172,alta floresta,-9.88,-56.09,77.0,83,40,5.82,1587238849
173,calvinia,-31.47,19.78,64.08,19,31,2.42,1587238849
174,castro,-24.79,-50.01,61.27,58,43,3.71,1587238827
175,nola,40.92,14.53,64.0,77,90,1.01,1587238849
176,meylan,45.22,5.79,59.0,68,93,1.99,1587238592
177,mecca,21.43,39.83,77.16,45,100,2.53,1587238790
178,thompson,55.74,-97.86,14.0,51,40,11.41,1587238624
179,faanui,-16.48,-151.75,82.87,73,26,9.57,1587238850
180,vanatori,45.73,27.25,62.6,51,90,6.93,1587238850
181,sur,22.57,59.53,81.7,58,3,6.8,1587238850
182,newton,42.34,-71.21,39.99,86,90,6.93,1587238659
183,kavaratti,10.57,72.64,84.25,70,0,4.23,1587238851
184,port blair,11.67,92.75,83.48,72,31,4.18,1587238631
185,ciudad bolivar,8.12,-63.55,99.45,23,7,9.6,1587238851
186,coahuayana,18.73,-103.68,86.0,40,40,7.96,1587238851
187,castelo do piaui,-5.32,-41.55,75.52,86,97,0.78,1587238851
188,new norfolk,-42.78,147.06,43.0,86,60,2.44,1587238816
189,pevek,69.7,170.31,-0.81,91,29,7.34,1587238852
190,cosamaloapan,18.37,-95.8,101.75,29,14,8.63,1587238852
191,pisco,-13.7,-76.22,75.99,64,45,6.93,1587238852
192,hobart,-42.88,147.33,44.6,87,54,8.05,1587238571
193,kozluk,38.19,41.49,55.4,87,20,6.93,1587238852
194,provideniya,64.38,-173.3,22.05,95,100,14.54,1587238823
195,korcula,42.96,17.14,59.74,70,82,0.81,1587238853
196,stornoway,58.21,-6.39,48.99,70,0,3.36,1587238853
197,chiautla,19.53,-98.88,84.2,25,20,4.7,1587238853
198,la ronge,55.1,-105.28,28.4,54,75,16.11,1587238853
199,clyde river,70.47,-68.59,15.8,78,75,5.82,1587238854
200,krasnoselkup,65.7,82.47,37.29,85,100,21.0,1587238854
201,labytnangi,66.66,66.42,32.43,96,100,4.38,1587238854
202,abha,18.22,42.51,66.2,82,99,6.93,1587238854
203,bambous virieux,-20.34,57.76,79.0,74,40,12.75,1587238848
204,nishihara,26.18,127.76,71.6,94,1,5.82,1587238854
205,smolenka,52.14,113.5,24.8,68,40,11.18,1587238855
206,souillac,-20.52,57.52,79.0,74,40,12.75,1587238816
207,grand gaube,-20.01,57.66,79.0,74,40,12.75,1587238597
208,moree,-29.47,149.85,44.6,75,0,4.7,1587238855
209,mar del plata,-38.0,-57.56,75.2,50,10,16.11,1587238855
210,arifwala,30.29,73.07,74.03,49,0,5.59,1587238855
211,santa fe,-31.63,-60.7,82.99,35,0,4.0,1587238855
212,collie,-33.37,116.15,62.01,77,100,11.03,1587238856
213,odweyne,9.41,45.06,77.16,48,100,7.23,1587238856
214,dingle,11.0,122.67,78.78,84,1,9.06,1587238856
215,bandarbeyla,9.49,50.81,81.18,72,7,8.84,1587238856
216,kieta,-6.22,155.63,81.03,75,92,1.45,1587238856
217,viking,53.1,-111.77,33.37,69,83,8.41,1587238857
218,gorele,41.03,39.0,51.8,93,75,2.68,1587238857
219,garden city,42.33,-83.33,53.6,46,40,23.04,1587238857
220,kandrian,-6.22,149.55,79.39,82,51,3.0,1587238857
221,henties bay,-22.12,14.28,57.0,94,0,1.99,1587238623
222,blackwater,-23.58,148.88,70.02,75,43,5.19,1587238858
223,leningradskiy,69.38,178.42,2.14,88,3,7.47,1587238858
224,port antonio,18.18,-76.46,87.8,66,40,20.8,1587238858
225,grindavik,63.84,-22.43,37.4,100,90,11.41,1587238858
226,amahai,-3.33,128.92,80.33,79,98,3.06,1587238859
227,nioro,13.35,-15.75,82.36,28,23,9.55,1587238675
228,priladozhskiy,59.85,31.48,37.4,96,90,11.18,1587238859
229,inirida,3.87,-67.92,77.76,92,100,2.15,1587238859
230,kutum,14.2,24.67,70.56,14,7,9.55,1587238859
231,samarai,-10.62,150.67,80.65,80,99,1.41,1587238860
232,vershino-darasunskiy,52.35,115.52,15.84,86,97,9.73,1587238860
233,tanout,14.97,8.89,83.8,11,24,10.13,1587238860
234,nanortalik,60.14,-45.24,29.88,90,62,3.24,1587238818
235,adrar,20.5,-10.07,74.03,40,100,9.93,1587238569
236,codrington,-38.27,141.97,50.97,84,72,8.48,1587238861
237,jalu,29.03,21.55,70.12,28,0,6.08,1587238861
238,maceio,-9.67,-35.74,82.4,83,75,12.75,1587238811
239,xining,36.62,101.77,42.28,29,95,0.38,1587238578
240,saposoa,-6.93,-76.77,80.6,74,40,4.7,1587238862
241,ingham,42.6,-84.38,53.01,34,75,12.75,1587238862
242,bumba,2.18,22.47,71.82,77,100,1.05,1587238862
243,selma,36.57,-119.61,62.6,87,97,1.92,1587238862
244,murgab,37.5,61.97,64.4,63,75,3.91,1587238863
245,alofi,-19.06,-169.92,78.8,88,50,10.29,1587238836
246,port macquarie,-31.43,152.92,54.0,95,58,4.45,1587238863
247,kenora,49.82,-94.43,41.0,56,90,12.75,1587238863
248,oudtshoorn,-33.59,22.2,66.2,59,0,3.36,1587238864
249,walvis bay,-22.96,14.51,57.0,93,0,3.36,1587238795
250,porto novo,6.5,2.6,84.2,83,40,11.41,1587238622
251,tateyama,34.98,139.87,57.99,72,0,5.99,1587238864
252,cartagena,10.4,-75.51,89.6,66,20,14.99,1587238831
253,calabozo,8.92,-67.43,97.75,29,89,4.12,1587238865
254,kampot,10.62,104.18,80.8,79,85,2.66,1587238865
255,saint-philippe,-21.36,55.77,77.0,83,40,11.41,1587238821
256,chitipa,-9.7,33.27,61.83,65,83,1.81,1587238865
257,zhigansk,66.77,123.37,1.26,93,88,12.15,1587238865
258,atlantic city,39.36,-74.42,50.0,61,90,18.34,1587238677
259,hamilton,39.18,-84.53,55.0,45,75,6.93,1587238798
260,mednogorskiy,43.92,41.18,43.02,50,70,3.53,1587238866
261,vila franca do campo,37.72,-25.43,62.6,88,75,13.87,1587238577
262,constitucion,-35.33,-72.42,65.19,83,83,9.69,1587238866
263,ajdabiya,30.76,20.23,64.76,50,0,13.13,1587238867
264,chifeng,42.27,118.96,51.04,39,100,7.45,1587238867
265,kattivakkam,13.22,80.32,84.99,83,20,5.82,1587238867
266,gurupi,-11.73,-49.07,77.05,82,86,2.84,1587238867
267,davila,18.47,120.58,79.72,77,90,5.1,1587238867
268,sao filipe,14.9,-24.5,71.69,73,14,21.59,1587238867
269,altay,47.87,88.12,47.35,33,100,3.78,1587238867
270,hualmay,-11.1,-77.61,75.15,67,24,9.06,1587238868
271,port hedland,-20.32,118.57,77.0,100,99,5.82,1587238868
272,hobyo,5.35,48.53,84.78,71,17,11.32,1587238834
273,aklavik,68.22,-135.01,23.0,73,90,14.99,1587238868
274,vila,42.03,-8.16,55.4,87,20,4.7,1587238868
275,nago,26.59,127.98,71.6,94,1,7.99,1587238869
276,sitio novo do tocantins,-5.52,-47.46,76.42,85,99,3.0,1587238869
277,valreas,44.38,4.99,63.0,67,100,2.01,1587238869
278,carutapera,-1.2,-46.02,80.11,82,83,5.26,1587238584
279,ulaangom,49.98,92.07,33.35,50,0,1.81,1587238869
280,torbay,47.67,-52.73,39.99,51,75,14.99,1587238869
281,geraldton,-28.77,114.6,66.2,93,40,2.24,1587238870
282,manzhouli,49.6,117.43,30.4,69,45,13.35,1587238870
283,mount gambier,-37.83,140.77,46.4,93,90,2.24,1587238870
284,okhotsk,59.38,143.3,9.5,86,0,12.28,1587238870
285,lavrentiya,65.58,-171.0,18.3,96,100,9.98,1587238602
286,namatanai,-3.67,152.43,81.52,77,86,3.8,1587238870
287,edd,13.93,41.69,86.81,62,100,23.51,1587238870
288,chute-aux-outardes,49.12,-68.4,41.0,48,1,19.46,1587238871
289,sept-iles,50.2,-66.38,33.8,69,75,10.29,1587238855
290,aksarka,66.56,67.8,32.07,97,100,1.45,1587238871
291,rosarito,32.33,-117.03,66.99,67,90,6.93,1587238837
292,brigantine,39.41,-74.36,48.2,61,90,18.34,1587238871
293,longyearbyen,78.22,15.64,30.2,80,20,5.82,1587238642
294,viedma,-40.81,-63.0,80.78,28,90,20.18,1587238594
295,ulaanbaatar,47.91,106.88,30.2,68,75,13.42,1587238872
296,carnarvon,-24.87,113.63,73.4,88,40,16.11,1587238839
297,kodinsk,58.69,99.18,21.27,93,0,3.49,1587238872
298,dalvik,65.97,-18.53,46.4,75,90,44.96,1587238872
299,lompoc,34.64,-120.46,62.6,59,75,9.17,1587238614
300,feldkirchen an der donau,48.35,14.05,60.8,63,40,3.36,1587238873
301,birmingham,33.52,-86.8,69.01,51,20,5.39,1587238800
302,itaituba,-4.28,-55.98,89.6,59,40,1.48,1587238873
303,esso,55.93,158.7,25.77,85,50,3.85,1587238873
304,bilibino,68.05,166.44,1.38,81,63,4.97,1587238873
305,tiznit,29.58,-9.5,58.08,64,82,9.26,1587238873
306,le port,-20.94,55.29,77.0,83,90,14.99,1587238874
307,sosnovo-ozerskoye,52.52,111.54,22.42,77,99,6.91,1587238874
308,kutahya,39.42,29.98,55.4,50,21,8.05,1587238874
309,mumbwa,-14.98,27.06,64.8,54,61,4.16,1587238874
310,mwene-ditu,-7.0,23.45,67.93,75,100,9.13,1587238874
311,belmonte,-15.86,-38.88,75.2,88,90,9.17,1587238874
312,chuy,-33.7,-53.46,66.63,82,18,7.23,1587238875
313,danilovka,50.36,44.12,38.95,70,0,7.11,1587238875
314,kamina,-8.74,24.99,65.23,68,98,1.43,1587238875
315,taonan,45.33,122.78,58.93,31,100,17.22,1587238875
316,garowe,8.41,48.48,77.41,66,73,14.45,1587238875
317,asau,46.43,26.4,50.0,53,22,8.05,1587238875
318,saint anthony,45.02,-93.22,64.4,31,20,19.46,1587238733
319,sao gabriel da cachoeira,-0.13,-67.09,80.6,88,20,3.36,1587238876
320,lata,40.16,-8.33,60.01,80,29,1.99,1587238876
321,alur,12.98,75.98,70.09,70,20,5.17,1587238876
322,soverato,38.69,16.55,57.2,87,56,2.24,1587238876
323,la libertad,-2.23,-80.9,80.6,74,75,3.36,1587238876
324,hongjiang,27.11,110.0,58.28,84,100,4.43,1587238876
325,kamenka,51.32,42.77,36.0,80,0,1.99,1587238877
326,sandakan,5.84,118.12,80.6,94,20,2.24,1587238773
327,tuatapere,-46.13,167.68,43.0,91,54,7.0,1587238877
328,jiuquan,39.74,98.52,49.53,26,99,1.77,1587238877
329,pedasi,7.53,-80.03,84.06,67,93,9.53,1587238877
330,tocopilla,-22.09,-70.2,80.13,30,5,6.78,1587238877
331,dicabisagan,17.08,122.42,78.44,83,100,7.02,1587238877
332,cuiluan,47.72,128.65,46.98,46,100,5.61,1587238878
333,rocha,-34.48,-54.33,65.07,78,0,6.15,1587238878
334,qesarya,32.52,34.9,66.2,82,1,5.82,1587238878
335,bacolod,10.67,122.95,79.02,78,0,8.77,1587238865
336,teya,60.38,92.63,27.25,94,71,3.51,1587238878
337,usak,38.5,29.42,53.31,46,0,3.67,1587238878
338,novobureyskiy,49.8,129.88,48.07,47,100,10.22,1587238879
339,naze,28.37,129.48,64.4,88,90,4.7,1587238867
340,halifax,44.65,-63.57,42.01,61,100,3.0,1587238738
341,kurchum,48.57,83.65,46.45,45,86,7.02,1587238879
342,solnechnyy,50.72,136.63,29.71,87,84,3.53,1587238840
343,kalabo,-14.97,22.68,69.91,53,93,4.88,1587238880
344,stolbishche,55.65,49.22,35.6,78,30,6.71,1587238880
345,lagoa,39.05,-27.98,62.42,90,100,22.53,1587238880
346,svetlyy,54.67,20.13,39.2,69,20,13.42,1587238880
347,kostomuksha,64.57,30.58,29.88,95,78,10.38,1587238880
348,batemans bay,-35.72,150.18,57.99,100,95,1.72,1587238881
349,sisimiut,66.94,-53.67,23.9,92,100,2.13,1587238881
350,yermolayevo,52.72,55.8,36.61,74,41,6.73,1587238881
351,dongkan,34.0,119.83,49.8,93,100,8.01,1587238881
352,tete,-16.16,33.59,74.62,74,19,8.32,1587238881
353,canillo,42.58,1.67,38.95,56,71,1.88,1587238881
354,aberdeen,57.14,-2.1,42.8,75,0,5.82,1587238881
355,paamiut,61.99,-49.67,27.77,94,100,23.58,1587238881
356,vanimo,-2.67,141.3,80.37,80,100,4.59,1587238882
357,ardesen,41.19,40.99,51.8,100,40,3.27,1587238882
358,basco,20.45,121.97,78.33,89,99,17.25,1587238803
359,atasu,48.68,71.64,52.39,35,11,7.96,1587238882
360,conde,-7.26,-34.91,84.2,74,40,5.82,1587238882
361,magdiwang,12.49,122.51,81.23,79,6,12.68,1587238883
362,sinjar,36.32,41.88,65.53,42,3,6.73,1587238883
363,beloha,-25.17,45.05,71.65,82,12,12.01,1587238883
364,etah,27.63,78.67,80.94,26,23,4.16,1587238883
365,kirakira,-10.45,161.92,78.12,85,100,1.03,1587238883
366,umm lajj,25.02,37.27,73.78,49,100,4.81,1587238684
367,babushkin,51.71,105.86,30.42,80,96,8.77,1587238884
368,cayenne,4.93,-52.33,86.0,66,75,12.75,1587238884
369,quatre cocos,-20.21,57.76,79.0,74,40,12.75,1587238849
370,benghazi,32.12,20.07,61.83,67,0,12.64,1587238884
371,east wenatchee bench,47.43,-120.28,64.4,39,90,12.75,1587238884
372,mackenzie,55.3,-123.17,44.6,36,1,2.28,1587238884
373,roma,43.21,-75.46,46.4,45,90,9.17,1587238885
374,wajid,3.81,43.25,81.34,61,100,16.46,1587238885
375,itoman,26.12,127.67,71.6,94,75,5.82,1587238885
376,orlovskiy,46.87,42.06,49.03,60,100,7.2,1587238885
377,huarmey,-10.07,-78.15,77.97,63,18,9.91,1587238885
378,warwick,41.7,-71.42,39.2,86,90,17.22,1587238885
379,catamarca,-28.47,-65.79,84.0,50,0,8.99,1587238885
380,bac lieu,9.29,105.72,80.91,81,59,9.24,1587238886
381,zhigalovo,54.81,105.16,21.69,87,33,6.62,1587238886
382,mirador,-6.37,-44.36,76.03,84,99,1.05,1587238886
383,mabaruma,8.2,-59.78,83.12,68,59,9.69,1587238886
384,lat yao,15.75,99.79,80.87,64,39,4.88,1587238886
385,samandag,36.08,35.98,68.0,56,100,16.11,1587238886
386,nevsehir,38.92,34.67,52.07,36,2,2.1,1587238886
387,kailua,21.4,-157.74,82.4,51,20,11.41,1587238887
388,nsanje,-16.92,35.26,71.51,91,17,3.85,1587238887
389,san quintin,30.48,-115.95,64.15,57,0,17.96,1587238887
390,ussel,45.55,2.32,51.03,75,96,2.59,1587238887
391,shasta lake,40.68,-122.37,60.01,65,99,3.0,1587238887
392,inongo,-1.95,18.27,72.41,89,98,3.04,1587238887
393,richards bay,-28.78,32.04,72.9,77,33,8.1,1587238657
394,weinan,34.5,109.51,46.4,93,5,4.47,1587238888
395,borisoglebsk,51.37,42.08,36.0,78,0,7.72,1587238888
396,abu kamal,34.45,40.92,75.54,29,45,3.22,1587238888
397,ostersund,63.18,14.64,36.0,83,0,16.11,1587238804
398,bonthe,7.53,-12.51,80.37,80,77,9.01,1587238812
399,namibe,-15.2,12.15,74.34,71,78,4.61,1587238889
400,dillon,34.42,-79.37,75.0,46,40,14.99,1587238889
401,kanniyakumari,8.08,77.57,84.43,72,1,5.14,1587238889
402,isangel,-19.55,169.27,79.41,81,96,11.79,1587238889
403,kaeo,-35.1,173.78,60.01,95,86,1.99,1587238631
404,plunge,55.91,21.84,35.6,74,0,6.93,1587238890
405,katsuura,35.13,140.3,57.99,71,9,8.99,1587238815
406,tiksi,71.69,128.87,3.87,85,55,4.38,1587238890
407,shelburne,44.08,-80.2,48.99,53,70,4.0,1587238890
408,vao,-22.67,167.48,75.69,69,74,10.04,1587238890
409,sakakah,29.97,40.21,71.6,35,20,8.05,1587238890
410,marystown,47.17,-55.15,33.8,84,3,11.92,1587238891
411,vila do maio,15.13,-23.22,75.2,57,20,21.92,1587238891
412,rio grande,-32.03,-52.1,77.0,57,20,16.11,1587238891
413,kaya,13.09,-1.08,93.0,22,60,6.11,1587238891
414,cabra,37.47,-4.44,68.0,68,23,4.7,1587238891
415,manacapuru,-3.3,-60.62,77.0,88,75,4.7,1587238892
416,kawalu,-7.38,108.21,72.61,76,100,1.68,1587238892
417,victoria,22.29,114.16,75.0,88,33,5.99,1587238892
418,makaha,21.47,-158.22,77.0,69,40,3.36,1587238892
419,ganzhou,28.82,115.43,61.16,89,98,3.53,1587238893
420,saldanha,-33.01,17.94,68.0,40,96,5.82,1587238893
421,saint paul,44.94,-93.09,64.4,34,1,14.99,1587238797
422,hatta,24.12,79.6,82.56,30,84,5.17,1587238893
423,maningrida,-12.07,134.27,74.59,90,100,5.99,1587238893
424,kholtoson,50.3,103.31,25.0,67,36,2.42,1587238893
425,inta,66.03,60.17,30.81,98,99,3.4,1587238894
426,poum,-20.23,164.02,78.22,77,74,14.2,1587238894
427,saravan,39.72,45.65,57.2,58,40,9.17,1587238894
428,wuchang,44.91,127.15,48.85,58,100,6.93,1587238894
429,chara,56.91,118.26,10.63,76,100,6.8,1587238894
430,jieshi,22.81,115.83,77.0,84,75,1.79,1587238894
431,baykit,61.67,96.37,18.95,91,0,1.5,1587238895
432,kadur,13.55,76.01,75.96,55,6,2.84,1587238895
433,pacific grove,36.62,-121.92,60.8,55,90,8.05,1587238895
434,dunedin,-45.87,170.5,48.99,66,93,7.23,1587238844
435,dawei,14.08,98.2,77.67,75,19,3.42,1587238895
436,rio gallegos,-51.62,-69.22,60.8,51,75,20.8,1587238895
437,prescott,34.54,-112.47,61.0,30,20,11.41,1587238895
438,meulaboh,4.14,96.13,78.6,83,84,4.36,1587238896
439,krasnovishersk,60.41,57.08,34.83,93,100,6.22,1587238896
440,loiza,18.43,-65.88,84.2,74,40,19.46,1587238896
441,la rochelle,46.17,-1.15,60.8,82,100,6.93,1587238896
442,verkhnyaya maksakovka,61.63,50.97,37.4,86,40,4.47,1587238896
443,klyuchi,52.27,79.17,48.92,61,0,5.35,1587238896
444,aleksandrovsk-sakhalinskiy,50.9,142.16,30.78,95,66,5.91,1587238896
445,urdoma,61.75,48.54,34.14,91,100,1.61,1587238897
446,chokurdakh,70.63,147.92,-6.72,88,100,8.59,1587238897
447,havre-saint-pierre,50.23,-63.6,35.6,51,20,13.87,1587238897
448,lokosovo,61.13,74.82,49.82,83,100,11.32,1587238897
449,fonte boa,-2.5,-66.27,78.96,89,48,2.15,1587238897
450,mukhen,48.1,136.1,43.79,71,0,3.42,1587238897
451,tual,-5.67,132.75,84.11,75,99,8.68,1587238897
452,dzilam gonzalez,21.28,-88.93,92.21,45,37,13.69,1587238898
453,fortuna,40.6,-124.16,57.0,81,75,6.49,1587238708
454,xichang,27.9,102.26,58.86,40,6,0.43,1587238898
455,marsa matruh,31.35,27.25,61.63,76,0,6.22,1587238898
456,kasongo-lunda,-6.47,16.82,69.78,79,100,1.41,1587238898
457,hatillo,18.49,-66.83,81.0,100,27,1.99,1587238898
458,cockburn town,21.46,-71.14,79.09,78,77,13.4,1587238898
459,rorvik,64.86,11.24,41.23,89,28,5.23,1587238899
460,sambava,-14.27,50.17,74.8,85,29,8.5,1587238899
461,kathmandu,27.72,85.32,57.2,87,20,3.36,1587238731
462,astanajapura,-6.8,108.63,78.84,80,99,2.86,1587238899
463,tautira,-17.73,-149.15,86.0,66,78,2.24,1587238899
464,itupiranga,-5.13,-49.33,87.8,66,75,4.7,1587238621
465,tecoanapa,16.52,-98.75,89.22,54,59,11.52,1587238900
466,shiringushi,53.85,42.77,35.51,80,12,7.7,1587238900
467,juneau,58.3,-134.42,48.2,66,20,6.93,1587238702
468,jakar,27.55,90.75,44.1,37,77,1.77,1587238900
469,korla,41.76,86.15,59.32,37,99,9.98,1587238900
470,iracoubo,5.48,-53.2,81.23,80,48,9.8,1587238901
471,takaka,-40.85,172.8,51.01,94,27,1.99,1587238901
472,setermoen,68.86,18.35,37.4,93,100,23.04,1587238901
473,magadan,59.57,150.8,8.6,84,100,13.65,1587238877
474,beyneu,45.32,55.2,63.36,37,90,7.96,1587238901
475,kindu,-2.95,25.95,71.1,74,95,1.99,1587238902
476,north bend,43.41,-124.22,62.01,81,90,9.17,1587238902
477,moose factory,51.26,-80.61,44.6,48,90,24.16,1587238902
478,yar-sale,66.83,70.83,34.52,98,99,9.15,1587238902
479,sarkand,45.41,79.92,47.95,36,0,4.74,1587238902
480,saint-louis,16.33,-15.0,74.55,43,20,14.99,1587238902
481,taremskoye,55.93,43.04,33.8,86,40,4.47,1587238902
482,guararapes,-21.26,-50.64,72.19,72,49,5.84,1587238903
483,baixa grande,-11.96,-40.17,75.11,78,46,5.28,1587238903
484,hay river,60.82,-115.8,35.6,64,75,4.7,1587238623
485,sassandra,4.95,-6.08,80.78,85,92,7.85,1587238903
486,balkanabat,39.51,54.37,70.23,37,0,6.38,1587238903
487,floriano,-6.77,-43.02,78.93,77,80,1.7,1587238903
488,kenai,60.55,-151.26,42.8,93,90,5.82,1587238903
489,husavik,66.04,-17.34,46.4,75,90,44.96,1587238841
490,mahon,39.89,4.27,64.4,88,100,8.05,1587238848
491,sal rei,16.18,-22.92,75.2,53,40,17.22,1587238747
492,tambopata,-12.73,-69.18,86.0,45,0,6.93,1587238904
493,milkovo,54.72,158.62,35.11,71,8,5.32,1587238904
494,natal,-5.79,-35.21,86.0,70,40,10.29,1587238904
495,srednekolymsk,67.45,153.68,-5.55,90,77,9.55,1587238905
496,bilgi,16.35,75.62,78.55,47,4,9.98,1587238905
497,zhizdra,53.75,34.74,33.71,85,97,5.5,1587238905
498,morehead,37.27,-87.18,55.99,44,1,4.7,1587238905
499,neftcala,39.37,49.25,54.84,87,0,6.17,1587238905
500,lahad datu,5.03,118.33,75.2,93,26,3.33,1587238906
501,fort nelson,58.81,-122.7,55.4,32,75,16.11,1587238906
502,edson,53.58,-116.44,39.2,48,1,5.82,1587238906
503,khani,41.96,42.96,53.6,81,40,5.82,1587238906
504,faya,18.39,42.45,66.2,82,100,6.93,1587238852
505,sumbe,-11.21,13.84,77.95,89,93,0.56,1587238906
506,mehamn,71.04,27.85,33.37,90,92,10.29,1587238906
507,aswan,24.09,32.91,71.06,23,6,8.25,1587238907
508,kidal,18.44,1.41,90.97,9,2,7.63,1587238907
509,mustafakemalpasa,40.04,28.41,59.0,81,0,3.36,1587238907
510,baoning,25.34,110.03,68.0,100,75,4.47,1587238907
511,lumsden,50.65,-104.87,39.2,48,75,17.22,1587238907
512,portland,45.52,-122.68,51.8,76,90,11.41,1587238609
513,brokopondo,4.75,-55.17,84.4,68,54,4.5,1587238907
514,bilma,18.69,12.92,85.19,12,0,5.73,1587238908
515,puerto del rosario,28.5,-13.86,66.2,82,20,6.93,1587238908
516,bouar,5.93,15.6,70.14,66,45,3.24,1587238908
517,manerbio,45.36,10.14,68.0,64,40,1.12,1587238908
518,deputatskiy,69.3,139.9,-9.35,72,58,1.99,1587238908
519,mackay,-21.15,149.2,73.0,88,21,4.7,1587238908
520,comodoro rivadavia,-45.87,-67.5,75.2,25,40,27.51,1587238908
521,muravlenko,63.79,74.52,38.7,88,100,15.35,1587238909
522,marovoay,-16.1,46.63,84.2,58,75,8.05,1587238909
523,kabale,-1.25,29.99,60.15,55,100,1.97,1587238909
524,shimoda,34.67,138.95,51.01,81,0,5.01,1587238909
525,tupelo,34.26,-88.7,57.99,50,1,4.7,1587238909
526,yuzhno-kurilsk,44.03,145.86,38.44,83,100,5.23,1587238909
527,amapa,1.0,-52.0,76.78,86,86,1.36,1587238910
528,lilongwe,-13.97,33.79,62.47,69,12,4.9,1587238910
529,itarema,-2.92,-39.92,79.05,81,44,4.0,1587238910
530,narok,-1.08,35.86,60.28,54,100,0.45,1587238910
531,mundi,22.07,76.5,86.77,27,92,5.95,1587238910
532,acapulco,16.86,-99.89,84.2,70,5,9.17,1587238910
533,tarko-sale,64.92,77.78,39.0,72,100,23.96,1587238911
534,belyy yar,53.6,91.39,35.6,64,0,8.95,1587238911
535,salaya,22.32,69.6,80.15,76,34,13.27,1587238911
536,necochea,-38.55,-58.74,78.01,44,5,11.99,1587238748
537,great yarmouth,52.61,1.73,46.99,99,91,5.99,1587238911
538,caravelas,-17.71,-39.25,76.51,78,94,19.64,1587238911
539,pringsewu,-5.36,104.97,73.89,87,60,0.98,1587238911
540,port-gentil,-0.72,8.78,84.2,83,40,8.05,1587238912
541,murray bridge,-35.12,139.27,48.99,99,30,2.04,1587238912
542,nhamunda,-2.19,-56.71,84.27,77,62,1.16,1587238912
543,siswa bazar,27.15,83.77,75.38,48,44,6.33,1587238912
544,san cristobal,7.77,-72.22,87.8,45,40,10.29,1587238783
545,cabo san lucas,22.89,-109.91,79.0,56,5,19.46,1587238834
546,palana,59.12,159.97,24.91,97,100,9.31,1587238912
547,mayumba,-3.43,10.66,80.04,83,78,0.98,1587238912
548,bamako,12.65,-8.0,98.6,22,100,5.82,1587238913
549,nouakchott,18.09,-15.98,69.8,73,0,26.4,1587238695
550,mercedes,-34.65,-59.43,82.0,36,0,3.0,1587238913
551,nouadhibou,20.93,-17.03,69.8,73,0,18.34,1587238858
552,sao bento,-6.28,-37.75,77.16,64,48,6.46,1587238671
553,monkey hill,17.32,-62.72,86.0,70,20,12.75,1587238913
554,olafsvik,64.89,-23.71,34.56,88,100,2.62,1587238913
555,mayo,38.89,-76.51,53.01,53,75,24.16,1587238914
556,kehychivka,49.29,35.76,40.55,63,19,2.62,1587238914
557,boralday,43.36,76.86,48.2,70,0,2.24,1587238914
558,jiexiu,37.02,111.91,46.49,56,96,4.92,1587238914
559,atambua,-9.11,124.89,72.25,77,64,3.78,1587238915
560,fengxian,34.7,116.59,51.42,90,100,7.54,1587238915
561,gweta,-20.18,25.23,76.69,31,0,16.62,1587238915
562,ladario,-19.0,-57.6,87.8,40,20,8.05,1587238915
563,sahuaripa,29.05,-109.23,86.95,12,0,17.9,1587238915
564,cache creek,50.81,-121.32,53.6,81,90,11.41,1587238915
565,farmington,36.73,-108.22,59.0,21,75,8.05,1587238653
566,lovozero,68.0,35.01,29.08,97,100,8.25,1587238916
567,sungaipenuh,-2.08,101.38,65.17,73,99,1.72,1587238916
568,furano,43.28,142.47,38.91,70,100,3.4,1587238916
569,carman,49.5,-98.0,37.0,65,90,13.0,1587238916
570,dong hoi,17.48,106.6,76.24,76,16,4.38,1587238917
571,manta,-0.95,-80.73,77.0,88,90,2.24,1587238917
572,pascagoula,30.37,-88.56,82.4,65,90,5.82,1587238917
573,dingzhou,38.51,115.0,55.4,66,100,6.71,1587238917
574,simao,22.79,100.97,61.03,40,0,1.28,1587238917
575,jacareacanga,-6.22,-57.75,80.65,88,69,0.27,1587238917
576,shumskiy,54.83,99.13,27.43,92,73,2.75,1587238918
577,tessalit,20.2,1.01,87.4,11,5,5.64,1587238918
578,tricase,39.93,18.36,57.2,76,5,1.12,1587238918
579,buraydah,26.33,43.98,75.2,64,95,21.92,1587238759
580,huntsville,34.73,-86.59,61.0,58,1,4.99,1587238651
581,mandalgovi,45.76,106.27,31.26,49,100,27.63,1587238918
582,ketchikan,55.34,-131.65,51.8,71,1,16.11,1587238918
583,lvov,49.84,24.02,46.4,31,55,6.71,1587238731
584,sao joao da barra,-21.64,-41.05,78.8,65,20,18.34,1587238658
585,goderich,43.75,-81.72,52.0,53,46,17.31,1587238919
586,fairbanks,64.84,-147.72,41.0,100,90,2.17,1587238771
587,kyren,51.68,102.14,31.96,65,98,5.53,1587238919
588,elat,29.56,34.95,77.0,36,0,13.87,1587238919
589,kavieng,-2.57,150.8,81.88,78,92,4.0,1587238919
590,mina,26.0,-100.53,80.6,61,75,11.41,1587238920
